Name,Department,Rating,Would Take Again,Level of Difficulty
Ronald Francis,Physics,2.8,30%,4.4
Parran Vanniasegaram,Mathematics,4.9,95%,4.2
Saied Rafati,Engineering,2.8,43%,3.9
Vanniasegaram Sithparran,Mathematics,4.8,95%,4.8
Ramin Alizadeh,Physics,2.2,34%,4.5
Carol Cini,History,4.0,70%,2.9
Fatemeh Yarahmadi,Mathematics,4.3,78%,2.7
Rebecca Board Liljenstolpe,English,3.9,64%,2.8
Kejian Shi,Mathematics,2.6,29%,3.6
Zachary Judson,Mathematics,3.3,40%,3.5
Diana Fleming,English,3.9,85%,2.2
Lilit Mazmanyan,Mathematics Statistics,4.3,79%,2.7
David Laubner,Physics,4.8,92%,2.7
Deena Lin,Philosophy,2.5,37%,3.6
Liezel Lumangtad,Chemistry,1.1,0%,4.9
Nida Khan,Chemistry,3.5,75%,2.8
Doug Case,Computer Information Systems,5.0,100%,2
Nicky Yuen,Political Science,3.7,48%,3.5
Hassan Bourgoub,Mathematics,2.2,21%,3.4
Kamran Eftekhari,Computer Information Systems,3.2,44%,3
Patrick McDonnell,Speech Communication,4.5,93%,2.2
Sandra Li,Accounting,4.6,88%,2.8
Eduardo Luna,Physics,2.9,44%,3.7
Alex Giardino,English,4.5,87%,2.5
John Jimenez,Mathematics,4.4,76%,2.9
Linda Becerril,Art,3.2,58%,3.1
Benjamin Kline,History,4.7,93%,2.3
Marcy Betlach,English As A Second Language,3.8,68%,3.4
Leslie Berry,Anthropology,4.1,75%,1.8
Hai Nguyen,History,3.9,74%,3.2
Zuleyha Yuksek,Physics,3.6,67%,3.9
Rich Booher,Philosophy,4.2,77%,3
Stephanie Anderson,Speech Communication,4.7,95%,2.3
Angel Roque,Anthropology,4.6,82%,2.2
Robert Ovetz,Political Science,2.6,29%,4
Meghan Kensler,Intercultural Studies,3.6,63%,2.6
Robert Stockwell,Political Science,4.0,72%,2.2
Rachel Catuiza,Physical Education,3.9,67%,1.9
Jimmy Li,Chemistry,3.4,75%,2.5
Lindsay Bell,History,4.7,100%,2.3
James Mailhot,Mathematics,3.6,46%,3.2
Charles De Vogelaere,Mathematics,4.6,86%,2.4
Linlin Zhang,Mathematics,4.1,74%,2.5
Cheryl Balm,Mathematics,3.9,75%,3.5
Neelam Shukla,Mathematics,4.6,88%,2.3
Newsha Naderzad,Journalism,4.6,86%,1.9
Bob Kalpin,Biology,3.8,67%,3.2
Ann Daniel,Biology,2.8,35%,3.7
Lisa Mesh,Mathematics Statistics,3.9,68%,3.1
Christopher Deming,Chemistry,4.9,99%,2.9
Kathleen Raiff,Speech Communication,4.4,80%,2.1
Steven Jackman,Business,5.0,100%,3
Mark Healy,Psychology,4.8,96%,1.8
Loraine Moen,Mathematics,4.0,79%,2.8
Russell Hong,Speech Communication,4.9,96%,1.6
Vernon Gallegos,Dance,2.7,52%,2.8
John Swensson,English,4.0,80%,2.5
Jeff West,Accounting,4.4,83%,3.3
Daniel Solomon,Anthropology,4.4,89%,2.1
Mae Lee,Intercultural Studies,4.4,78%,3.1
Veronica Acevedo Avila,Reading,4.4,97%,2.2
Julie Morfee,English,3.7,19%,3.3
Georgia Acker,Nutrition,5.0,100%,1.5
Melissa Tamas,Psychology,4.9,100%,1.3
Marco Marquez,Art,4.9,100%,2.6
April Phung,Languages,4.3,100%,2.7
Jeanette Tucker,Psychology,4.6,91%,2
Kashi Nath,Physics,3.8,75%,1.8
Melissa Sherman,Nursing,5.0,100%,3.2
David Newton,Physics,4.2,71%,3.7
Cinzia Muzzi,Chemistry,3.4,57%,4
Parviz Sales,Mathematics,3.9,58%,2.3
David Hamilton,Communication,4.8,97%,1.5
Laura Chin,Political Science,4.8,96%,1.8
Lauren Gordon,Reading,3.6,66%,3.3
Kasra Khazeni,Physics,3.2,56%,3.9
Al Hussein,Computer Information Systems,3.6,70%,2
Dan Halabe,Computer Information Systems,5.0,100%,2.5
Allan Wilcox,Chemistry,3.4,58%,3.9
Ebenezer Morikang,Biology,3.9,73%,2.4
Khalil Kholoud,Nursing,5.0,100%,4
Nori Henk,Asian Studies,4.0,100%,3
Doli Bambhania,Mathematics,4.1,66%,3.3
Jason Bram,Biology,4.8,96%,2.8
Roderic (Rick) Taylor,Mathematics & Statistics,3.4,59%,2.9
Joshua Avera,Psychology,4.4,83%,2.5
Jian (Andrew) Yu,Mathematics & Statistics,4.4,82%,2.8
Sarah Lisha,English,4.7,94%,2.2
Renuka Kapur,Mathematics,3.1,61%,2.8
Nilu Gupta,Languages,4.9,100%,1.5
Michael Lane,Chemistry,3.4,48%,3.4
Jason Damjanovic,Physical Education,4.5,100%,1.8
Royce Cano,Speech,4.4,100%,2.3
Cheryl Owiesny,Physical Ed,3.5,72%,1.7
Xiaoyu Niu,Mathematics,2.2,27%,4.3
Eric Peterson,Astronomy,4.9,100%,1.3
Susan Schmitz,Health Technology,4.0,67%,3.3
Millia Ison,Mathematics,2.8,39%,3.1
Anna Miller,Biology,2.9,39%,3.4
Raymond Brennan,English,4.4,50%,3.3
James (Jim) Nguyen,Political Science,4.3,80%,2.3
Anthony Hanson,Philosophy,3.3,43%,2.7
Reza Shariatmadari,Mathematics,3.5,62%,4.1
Adam Sandel,English,4.0,60%,2.7
Simon Kanga,Biology,2.5,31%,4
Jesus Quintero,English,4.3,66%,2.1
Ryan Dickson,English,2.2,18%,3.8
Karl Isacson,Communication,4.8,97%,1.6
Margaret Hanzimanolis,English,4.3,87%,2.5
James Maxwell,Chemistry,4.5,91%,2.4
Julie Keiffer-Lewis,African-American Studies,2.7,45%,2.9
Chad Miller,Chemistry,4.5,82%,3.1
Elvin Ramos,Humanities,4.8,94%,1.4
Bill Roeder,Environmental Science,3.4,67%,2.6
Nadiia Turbai,Mathematics,4.3,89%,2
David Rawson,Sign Language,4.7,80%,1.9
Daniel Bunce,Psychology,4.4,88%,2
John Francis,Business,5.0,100%,2
Nellie Vargas,Child Development & Education,5.0,100%,1
Mark Staff,Chemistry,3.3,67%,3
Albert Schendan,Political Science,2.0,50%,2.5
Mehrdad Khosravi,Mathematics,4.1,72%,3.5
Manish Goel,Computer Information Systems,2.3,36%,3.8
Al Schendan,Political Science,3.2,28%,3.5
Paul Roehl,Creative Arts,4.8,92%,1.3
Mary Pape,Computer Information Systems,3.4,60%,2.7
Ducq Nguyen,Mathematics,3.0,43%,3.4
Kamau Birago,Sociology,2.8,27%,3.4
Alicia Mullens,Meteorology,4.9,96%,2
Ravjeet Singh,Economics,4.1,73%,3
Don Uy-Barreta,Economics,3.5,69%,2.7
So Lee,Asian Studies,1.7,10%,3.9
Angelica Esquivel Moreno,Ethnic Studies,5.0,100%,1
Lori Clinchard,Humanities,4.6,88%,1.7
Misako Van Der Poel,Mathematics,2.1,11%,4
Richard Hammerud,Philosophy,3.7,55%,2.4
Vinh Nguyen,Mathematics & Statistics,3.9,72%,3
Judy Cuff-Alvarado,Biology,4.6,86%,2.8
Sita Bhattacharji,Photography,3.6,50%,2.8
Susan Thomas,Psychology,3.0,43%,3.6
Guillermo Hernandez,Business,3.6,62%,2.2
Lianna Wong,Biology,4.2,83%,3.8
Rachel Silveria,Film & Television,4.8,100%,1.4
Deborah Pasturel,Architecture,4.9,96%,1.5
Steve Nava,Sociology,4.3,84%,2.3
Ronald Kleinman,Computer Information Systems,3.7,64%,3.3
Julie Hughes,Art,4.2,80%,3.2
Linda West,Computer Information Systems,4.2,78%,1.7
Alicia Hedges,Anthropology,4.9,100%,1.9
Nayereh Rezaei,Chemistry,3.3,50%,3.5
Richard Lopez,Mathematics,4.1,76%,2.7
Sukhjit Singh,Computer Information Systems,4.0,82%,3.6
Luis Limcolioc,English,3.7,68%,3.1
Mirsaeid Abolghasemi,Computer Information Systems,4.7,92%,2.8
Catie Cadge-Moore,International Studies,3.9,52%,2.3
Nahrin Rashid,Mathematics,4.5,86%,2.8
Elliott Cragen,English,3.0,29%,3.4
Manisha Perera,Economics,3.3,50%,2.9
Robin Schulte,Psychology,3.3,61%,2.3
Maryam Arvizu,Mathematics & Statistics,4.5,90%,2.1
Bac Hoai Tran,Languages,3.7,64%,1.5
Sumedha Sherlekar,Health Technology,2.4,50%,2.9
Trevor Basil,Psychology,3.3,50%,3.5
Lei Chi,Art,3.0,0%,3.5
Thomas Monika,Economics,3.9,74%,2.4
Ashidhara Das,Anthropology,3.7,63%,1.7
Kevin Mello,Accounting,4.6,78%,3.3
Christopher Dileonardo,Geology,3.2,33%,3.4
Bijan Sadeghi-Hassanvand,Mathematics,2.6,38%,3.2
Deborah Garfinkle,English,3.4,70%,3.3
Gordon Smith,Business,4.5,91%,2.8
Sergio Rizzo,English,4.2,75%,2.8
Megan Ulbricht,Physics,4.1,75%,3.7
Pete Rabbitt,Physical Education,5.0,100%,1.5
Catherina Wong,Accounting,5.0,97%,2.3
Meiru Huang,Art,4.6,85%,2.7
Audra Sorman,English,4.1,0%,2.4
Anne Argyriou,Reading,2.8,40%,3.5
Ameeta Tiwana,Anthropology,3.9,81%,2.2
Alexander Kramer,Communication,4.7,99%,1.7
Bruce Heyer,Biology,3.9,64%,3.9
Grant Larkin,Computer Information Systems,2.7,38%,3.4
Harvey Cohen,Psychology,4.2,74%,1.4
Mayra Aguilar,Anthropology,4.6,95%,2.4
Sundararajan Arabhi,Mathematics & Statistics,3.7,60%,3.2
Sharon Stranahan,English As A Second Language,4.1,79%,3.4
Maureen Miramontes,Computer Apps & Office Systems,3.8,73%,3.2
Daisy Lee,English As A Second Language,1.4,8%,4.6
Sathish Manickham,Engineering,3.6,60%,3
Rachel Moore,History,4.7,100%,1.7
Thomas Gamburg,Film amp Television,5.0,100%,3.5
Delia Garbacea,Computer Information Systems,4.1,66%,3.5
Ilan Glasman,Music,4.5,85%,2.9
Peter Lee,Speech Communication,3.3,56%,2.6
Carlos Mujal,History,3.3,58%,2.6
Amanda Lien,Mathematics,4.2,91%,2.7
William Roeder,Environmental Studies,4.7,95%,1.9
Wenlei Shan,Business,4.5,87%,2.2
Felix Amoruwa,Computer Information Systems,1.7,14%,3.5
Lisa Teng,Photography,4.3,75%,2.8
Alex Stoykov,Computer Information Systems,4.5,85%,1.9
Massimo Maniaci,Environmental Studies,2.6,43%,4.1
Ron Wheelehan,Environmental Studies,4.9,100%,2.1
Joseph Lam,Computer Information Systems,4.5,84%,1.7
Christopher N. Bradley,Mathematics,4.8,100%,2.7
Ching-Yee Chang,Physics,3.7,67%,3
Cheri Newman,English As A Second Language,3.5,91%,3.3
Marc Coronado,English,3.5,72%,2.5
Brandon Gainer,Speech Communication,4.1,70%,2.9
Sengupta Lakshmikanta,Biology,2.9,47%,4.2
Tressa Pack,Photography,3.8,63%,2.6
Todd Gutmann,Theater,3.0,43%,3.8
Mark Johnson,Physical Education,4.7,94%,2
Eileen Pena,Geography,4.7,96%,1
Silvinita Rowe,Nursing,1.5,0%,3.5
Hiroyo Kaneko,Photography,4.4,78%,2
Vinh T Nguyen,Mathematics,3.4,38%,3.6
Tram Dang,English As A Second Language,2.3,34%,4.3
Amy Leonard,English,4.5,82%,2.6
Marrietta Reber,English,3.8,72%,3.5
Sohini Dutt,Geography,4.6,84%,1.6
Pauline Wethington,Counseling,3.9,75%,2.3
Janet Shaw,Humanities,3.1,30%,2
Sherwin Mendoza,Intercultural Studies,4.0,83%,2
Ryan Phillips,Environmental Studies,4.8,91%,2.1
Joshua (Josh) McCluskey,Environmental Studies,4.3,72%,1.9
Sandra Trafalis,Psychology,4.5,96%,1.7
Joseph Barbeau,Business,4.6,87%,3
Hammond Laurie,Accounting,3.0,39%,2.9
Angelina Loyola,Intercultural Studies,4.5,85%,2.7
Veronica Keiffer-Lewis,Humanities,5.0,100%,1
Susan Tavernetti,Film,4.4,75%,2.3
Bob Stockwell,Political Science,4.2,84%,2.4
Sokam Lee,Art,2.6,43%,3.1
Azin Arefi,English,3.5,56%,3
Derrick Felton,Psychology,4.8,95%,1.6
Thalia Bobadilla,Speech Communication,5.0,100%,1.8
Jelena Segan,Mathematics & Statistics,5.0,100%,2.2
Mark Sherby,Computer Information Systems,4.8,99%,1.9
Stephanie Dickson,Physics,3.3,49%,3.5
Spera Georgiou,Computer Information Systems,1.9,11%,2.9
James Ahern,Speech Communication,4.2,47%,2.6
Apryl Berney,Humanities,4.0,71%,2.5
Megan Brophy,Chemistry,3.8,73%,3.3
Alysia Rueda,Humanities,2.5,48%,1.9
Nick Chivers,Speech Communication,3.7,65%,3
Gayatri Pal,Biology,4.2,80%,2.6
Jyothsna Viswanadha,Mathematics,4.0,100%,2.4
Pasturel Deborah,Art,4.9,100%,1.6
Ed Ahrens,Computer Information Systems,3.8,78%,1.7
Eric Pane,Biology,4.3,78%,3.1
Anya Iyengar,Speech Communication,4.9,97%,2.2
Stacey Houghton,Art,2.5,50%,3.8
William Wishart,Automotive Technology,4.7,98%,2.4
Nita Rowe,Nursing,3.2,59%,2.9
Burcak Artun,Chemistry,4.7,96%,2.9
Aurelio Dias-Ferreira,World Languages,4.3,67%,1.8
Laureen Mercer-Kurt,English,5.0,100%,2.3
Scott Heffner,Political Science,3.5,34%,3.6
Dave Denny,English,4.2,64%,2.8
Usha Ganeshalingam,Mathematics,4.1,83%,2.4
Mary Poffenroth,Environmental Studies,4.1,75%,2.2
Semere Bairu,Chemistry,2.3,50%,3.8
Gregory Stachnick,Mathematics amp Statistics,5.0,100%,1.5
Brian Malone,English,4.5,88%,3
Lalitha Krishnamurthy,Computer Information Systems,3.0,30%,2.2
Susmita Sengupta,Biology,2.7,37%,3.5
Bill Wishart,Engineering,4.7,100%,1.3
Caitlin Kepple,Astronomy,4.5,93%,2
Young Sook Kim,World Languages,4.7,94%,2.4
Mark Hamer,Film & Television,5.0,100%,2.2
Anne Fleischman Miller,Nutrition,2.2,17%,3.7
Ivan Kojnok,Automotive Technology,5.0,100%,2.6
Mohammed Akhoirshida,Computer Information Systems,4.3,100%,2.3
RaeAnn Ramsey,Humanities,3.4,54%,3
Mia Breen,Accounting,2.9,35%,3.4
Catherine Firpo,Psychology,2.4,31%,2.4
Luke Hibbs,Mathematics,4.5,100%,4
Jason Dehaan,Sociology,3.7,61%,3.2
Husne Jahan,English,3.4,58%,2.2
Julie Sartwell,English,3.9,76%,2.9
Nga Huynh,Reading,3.6,75%,3.1
Jianbo (Paul) Du,Mathematics,3.4,61%,3
Shannon Hassett,Psychology,4.7,85%,2.7
Danny Tran,Mathematics & Statistics,4.5,86%,2.9
Maria Marin,English,3.0,31%,3.6
Kathy Flores,English As A Second Language,2.8,10%,3.8
Marin Maria,English As A Second Language,2.4,34%,3.6
Linda Yee,English As A Second Language,3.8,59%,3.5
Yee Linda,English As A Second Language,2.9,29%,4.1
Katelyn Endow,English As A Second Language,4.2,75%,2.4
Ishmael Tarikh,Political Science,2.7,19%,3.7
Byron Lilly,Business,4.1,75%,3.1
Tony Nguyen,Computer Information Systems,1.6,14%,4.1
Laura Martin,English,3.8,74%,3.4
Jayanti Tambe,Child Development & Education,4.2,78%,2.5
Emily Garbe,Business,4.6,85%,2.3
Susana Ramirez,Women's Studies,5.0,100%,2
Elsa Jimenez-Samayoa,Biology,3.3,60%,4
Maryalice Bonilla,English,2.7,38%,4
Amanda Feldman,Anthropology,4.4,92%,2.2
Timothy Shively,English,3.4,39%,3.4
Lynn Thorenson,Environmental Studies,3.9,68%,2
Alex Morgan,Computer Information Systems,1.8,0%,3.3
Sangeeta Mishra,Philosophy,1.8,25%,3.3
David Gray,Chemistry,4.2,70%,3.2
Becky Roberts,English,4.0,75%,2.5
Christopher Jackson,History,4.4,81%,2.9
Shireen Woo,Career & Life Planning,4.1,67%,2
Shahin Saadati,Mathematics,2.7,34%,4
Mary Diehl,English,4.8,92%,1.5
Barbara Hoffman,Fine Arts,4.2,66%,1.9
Richard Claire,Accounting,4.9,98%,2.2
Jennifer Parrish,Computer Information Systems,4.3,83%,2.8
Abeer Alameer,Computer Information Systems,4.1,76%,3.2
Anne Marie Waldsmith,English,3.8,64%,3.1
Danielle Vlahos,History,5.0,100%,2
Salamander Breiter,Humanities,4.9,98%,1.7
Sandra Spencer,Business,2.9,32%,2.7
Vu-Duc Vuong,Sociology,4.2,50%,1.5
Alexis Cattivera,English,3.8,75%,2.8
Mohamad Rezvani,Mathematics,4.4,85%,2.3
Javier Galindo,Humanities,4.6,93%,2.3
Alex Cheng,Mathematics & Statistics,2.5,50%,2.8
L. Scott Osborne,Accounting,3.7,85%,2.2
Abdul Ghori,Mathematics,4.5,96%,2.1
Liz Stimson,Theater,4.5,77%,1.7
Neil Schwartz,Theater,4.2,67%,1.5
Jill Quigley,English,4.9,98%,2.5
Valerie Taylor,Computer Information Systems,2.9,32%,2.9
Alicia De Toro,Environmental Studies,3.6,69%,1.7
Nadia Bensidi,Mathematics,3.4,59%,2.7
Steve Howland,English,3.6,57%,2.8
Patricia Jauch,Fine Arts,4.4,88%,1.6
Karen Chow,English,4.2,69%,2.4
Juming Jiao,Physics,2.6,15%,3.3
Tracy Dehaan,Sociology,3.8,57%,3
Viviana Alcazar,Spanish,4.9,100%,1.8
Gustavo Martinez,Art,1.8,40%,4.2
Mary Donahue,Physical Ed,4.5,81%,2.5
Alex Febo,Medical Laboratory Technician,1.0,0%,4
Joel Sakakihara,Speech Communication,4.6,90%,2.4
Carmen Lizardi-Folley,Languages,4.0,69%,2.9
Vadim von Brzeski,Mathematics,4.3,67%,2.9
Tuan Nguyen,Computer Information Systems,1.3,10%,4.1
Pati Carobus,English As A Second Language,5.0,100%,2.7
Lydia Hearn,English,4.5,89%,3.2
Kevin Glapion,Human Development,4.3,79%,1.4
Rachel Mastrapa,Astronomy,4.9,100%,2.1
Taylor Kidd,Engineering,2.7,58%,3.1
Julie Kennedy,Child Development Education,4.7,88%,3.6
Ninos Malek,Economics,4.4,88%,2.7
Dawnis Guevara,Physical Education,4.6,83%,1.3
Julie Lewis,Women's Studies,3.9,83%,3
Lale Yurtseven,Business,4.4,73%,2
Kim Palmore,English,4.6,88%,3.4
Brian Bennett,Business,4.0,77%,3
Anthony Santa Ana,Intercultural Studies,4.9,100%,1.4
Tina Lim,Speech Communication,4.3,63%,2
Morgan McKnight,Speech Communication,2.7,50%,3.3
Eugene Rodriguez,Fine Arts,3.8,44%,3.5
Uyen (Clare) Nguyen,Computer Information Systems,4.4,85%,3
Leonard Fisk,Computer Information Systems,4.0,70%,2.9
James (Jim) Schneider,Music,4.9,100%,1.9
Mike Appio,Manufacturing & CNC Technology,4.7,100%,1.8
Elizabeth Mjelde,Fine Arts,3.7,41%,2.6
Yeganeh Modirzadeh,English,3.8,62%,2.6
Dana Nakase,Biology,4.9,100%,1.6
H. K. Shah,Mathematics,1.8,5%,3.9
John Fox,Sociology,4.7,100%,1.9
Thuy Pinheiro,Health Technology,1.5,17%,5
Mary Alice Bonilla,English,3.4,70%,3.7
Constance Cole,International Studies,2.4,8%,3.9
Mary Cudahy,English,4.7,82%,2.2
Yacoub Moussa,Accounting,5.0,100%,2.3
Mark Brady,Economics,3.7,53%,2.7
Emily Beggs,Anthropology,4.4,85%,2
Rani Fischer,Mathematics,3.5,60%,2.9
Mark Pasion,Sociology,4.3,78%,1.9
Yael Karmi,Art History,4.2,92%,2.1
Francesca Caparas,English,4.3,81%,2.6
Hung Nguyen,Mathematics Statistics,3.3,59%,3.3
Christina Wright,Film amp Television,3.3,56%,3
Hua-fu Liu,Languages,4.9,98%,1.6
Yang Shao,Asian Studies,4.6,96%,3.1
Justin Lake,Mathematics,4.5,100%,3
Kristin Agius,Reading,4.9,100%,1.9
Ramona Gabriel,Administration Of Justice,5.0,100%,1.6
Maike Ahrends,English,4.8,100%,1.9
Kevin Lee,Paralegal Studies,4.2,86%,2.9
Randy Claros,Human Development,4.8,100%,1.7
Ken Weisner,English,4.0,68%,2.6
May Lin,Computer Information Systems,4.0,75%,3
Lita Kurth,English,4.0,71%,2.6
Nicholas Baiamonte,Philosophy,4.1,72%,1.7
John Gravener,English,3.9,58%,3.1
Richard Ferrie,English,4.3,75%,2.5
Valeria Martinovic,Chemistry,2.4,28%,4
Julie Pesano,English,4.3,75%,2.4
Renshi Xuan,Languages,3.4,41%,2.1
Elisabeth-Anne Mabie,Anthropology,4.9,98%,1.7
Paul Klingman,Computer Information Systems,1.6,9%,2.7
Michael Riordan,Accounting,4.6,100%,2.8
Scott Koppel,Speech Communication,4.5,100%,2.2
George Edgar,History,3.7,73%,2.4
Justine Read,Computer Information Systems,4.3,84%,2.8
Ira Oldham,Computer Information Systems,3.5,51%,2
Barbara Liechty,Health,3.4,68%,2.7
Iva Tracey,English As A Second Language,4.7,92%,2.6
Oduro Takyi,Business,4.2,89%,2.8
Andrew Wood,Humanities,3.9,64%,2.8
Natasha Joplin,Human Development,3.3,46%,2.1
Kaur Shagundeep,Speech Communication,4.0,57%,3
Gul Yayli,Mathematics,4.7,96%,2.9
Randie Wann,English,4.0,63%,2.5
Lydia Botsford,Accounting,3.3,50%,2.7
Ravjit Singh,Economics,4.1,84%,2.1
Roseanne Quinn,English,4.3,70%,2.7
Lih Hung,Accounting,4.1,91%,2.6
Greg Knittel,History,4.1,71%,1.7
Anna N Lewis,English,4.3,77%,2.5
Arthur Linn Jr,Computer Information Systems,4.1,81%,2.4
Michele Fritz,Business,4.3,73%,2.4
Roxanne Cnudde,Speech Communication,4.3,89%,2.5
Roy Shurtliff,Health Technology,5.0,100%,2
Robert Fredric Kalpin,Biology,4.0,79%,3.6
Victor Legge,Mathematics,3.4,31%,2.8
Linyun Yu,Computer Information Systems,1.4,11%,3.9
Anita Whitehill,Computer Information Systems,2.4,48%,3.5
Hy Diep,Psychology,5.0,100%,1.8
Ali Ashtiyani,Engineering,3.9,79%,1.6
Sadeghi Hassanv,Mathematics,1.6,0%,4
Michelle Fritz,Business,1.0,0%,3
Marek Cichanski,Science,4.3,55%,2.6
Judith West,Economics,4.5,86%,2.3
Dan Salah,Business,4.2,78%,2.4
Vivian Bejarin,English,3.4,64%,2.3
Joshua Losben,Film Television,4.5,92%,1.8
Taiki Kondo,Psychology,4.4,79%,2.3
Wendy White,Humanities,3.2,25%,3.2
Natasha Kleit,Art,3.5,48%,3.4
James Clifford,Psychology,1.8,20%,4.1
Alison Campbell,Nutrition,5.0,100%,1.7
Yau Lau,Computer Information Systems,2.8,38%,3.3
lauren gordon,English,2.0,31%,4.2
Triyakshana Seshadri,Economics,3.8,59%,3
Larissa Chiriaeva,Languages,5.0,100%,2.2
Howard Rudolf,Mathematics,4.0,50%,2.4
Elizabeth McPartlan,Biology,3.9,56%,4
Rosemary Hardin,Biology,3.9,74%,3.7
Marie Frangos,English,4.6,89%,1.8
Jim Clifford,Psychology,3.0,34%,2.6
Stephen Hinerman,Speech,4.2,50%,1.6
Tony Santa Ana,Ethnic Studies,4.5,100%,1
Warren Lucas,Dance,3.7,62%,1.7
Ricardo Delgado,Mathematics,4.7,86%,3
Jovanah Arrington,Physical Education,3.0,50%,3.5
Noella Rashid,Mathematics,4.7,0%,1.8
Andrew Lazar,Mathematics,4.7,94%,2.2
Salvador Guerrero,Mathematics,3.1,53%,3.9
Stephen Blohm,Economics,4.1,73%,2
Gening Jin,Humanities,3.3,50%,2.5
Hemendra Shah,Mathematics & Statistics,1.2,4%,4.6
Kim Huynh,English,2.8,40%,2
Alexander Morgan Jr,Computer Information Systems,2.3,43%,2.9
Kristen Anderson,Film & Television,4.4,78%,1.9
Daniel Tung,English As A Second Language,4.7,95%,2.6
Teck Ky,Mathematics,4.4,92%,2.4
Don Barreta,Economics,4.1,100%,2.5
Nancy Olsen,Anthropology,2.6,3%,3.2
Marilyn Patton,English,4.7,100%,2.1
Vickie Annen,Biology,4.1,40%,3.3
Parisa Mousavi Shafaei,Biology,3.9,89%,3.3
Rashi Jackman,Humanities,4.3,80%,1.9
Shanita Ealey,Intercultural Studies,3.1,75%,3.5
John Saunders,Chemistry,1.9,18%,4.1
Flores Kathy,English As A Second Language,2.1,28%,4.4
Norman Craig,English As A Second Language,4.0,67%,3.1
Angela Winch,Nursing,3.0,50%,3.5
Hann So,Computer Information Systems,2.1,39%,3.4
David Howard-Pitney,History,3.6,75%,2.7
Carole Greene,English,4.4,100%,3.8
Nora Balabanian,Biology,4.0,84%,2.6
John Cihonski,Chemistry,2.8,37%,4.2
Ruth Trimble,English,1.9,14%,3.5
Diane Langfelder,Psychology,3.6,17%,2.4
Mark Shelby,Real Estate,2.0,0%,5
Mahsa Modirzadeh,English As A Second Language,5.0,100%,2.5
George Krestas,Mathematics,2.0,10%,3.9
Victor Yu,Computer Information Systems,2.1,16%,3.1
Andrea Lee,English As A Second Language,4.2,86%,3.5
Gretchen Himes,English,4.0,73%,1.9
Mariam Ebrat,Intercultural Studies,2.1,37%,3.1
Loubna Hafid,World Languages,4.9,96%,2.5
Mehmet Artun,Physics,3.5,50%,3.8
Xiao Wang,Chemistry,3.4,75%,2.9
Roberto Martinez Diaz,History,5.0,100%,2
Herminio Hernando,Career & Life Planning,4.2,88%,1.7
Brendan Mar,Chemistry,4.2,80%,3.6
Vinh Kha Nguyen,Mathematics,4.2,67%,3.3
Julie Hui,Anthropology,4.1,58%,2.6
Shagun Kaur,Speech Communication,2.0,0%,4
Elise Johnson,Psychology,4.2,80%,2.2
Christine Chai,English,4.3,95%,2
Stephen Zill,Economics,4.1,63%,2.6
Laurienne Hammond,Accounting,3.4,40%,2.9
Michael Gough,Business,3.9,72%,2.8
Marcell Macedo de Castro Lima,Music,5.0,100%,4
Michelle Fabian,History,3.7,67%,3.3
Helian Ratsirarson,Environmental Studies,4.6,84%,2.1
Behrouz Forouzan,Computer Information Systems,2.6,40%,3.2
Meg Kensler,Ethnic Studies,4.5,80%,1.8
Bennett Zussman,Music,2.3,23%,3.6
DuJuan Green,Administration Of Justice,4.8,93%,2.1
Abdullahi Koshin,Economics,3.9,86%,1.4
Gregory Druehl,Political Science,4.7,93%,2.1
Diana Ferrara,World Languages,4.9,99%,2.4
Wayne Jopanda,Asian Studies,4.0,84%,2.7
Monika Thomas,Economics,3.9,74%,2.6
. Topalovic,English,2.0,17%,4.1
Gail McElroy,Journalism,4.7,100%,1.8
Sara Cole,Art,3.0,100%,2
Nada Khouderchah,Chemistry,3.6,30%,3.4
Luis Barreto,Computer Information Systems,1.6,20%,3
Jana Sanders,Environmental Studies,4.3,70%,2.3
Igor Tchertkov,Physics,5.0,100%,2
Mylinh Pham,History,4.6,93%,2.1
Sandi Miller,Nursing,5.0,100%,2
Charles Gray,English,2.9,50%,3.2
Marx Akl,Physics,4.8,100%,2.4
Julie Wilson,Reading,4.4,81%,3
Rosario Mallari,Health Technology,1.2,0%,3.9
Carol Easter,Art,4.8,100%,2.4
Mia Park,Real Estate,2.8,40%,3.3
Bob Slate,Computer Information Systems,5.0,100%,3.5
Mary Sunseri,Speech Communication,3.0,0%,3.5
Maurice Canyon,Counseling,5.0,100%,1
Farideh Dada,Journalism,4.5,87%,2.6
Alysa Cisneros,Political Science,4.7,78%,2.8
Ursel Nguyen,Computer Information Systems,2.8,0%,2
Latosha Baldwin,Psychology,3.3,64%,1.4
Mo Geraghty,Mathematics & Statistics,4.8,100%,2.2
Jamie Joseph,English,4.8,100%,1.8
John Thomsen,Music,4.0,88%,1.9
Patricia Holmes,Art,4.8,93%,1.8
Cynthia Kaufman,Philosophy,4.6,94%,2.5
William Abb,Mathematics Statistics,4.9,97%,2.4
Jackson Kuo,Languages,2.9,10%,2.6
Danielle Altman,Physical Education,2.2,17%,3.3
Robert Unzueta,Ethnic Studies,4.5,100%,1
Purba Fernandez,Geography,4.5,77%,2.9
Jeremiah Garrido,Administration Of Justice,4.9,100%,1.8
Bridget James,Meteorology,4.3,81%,1.9
Min-Jin Kuo,Language Arts,4.8,100%,3.5
Alex Swanner,Computer Information Systems,4.7,100%,1.1
Diane Furlan,English,3.5,60%,3.2
Catie Cadgemore,Art,3.6,50%,2.8
Amber Hatter,Real Estate,3.2,60%,3.2
William (Bill) Wilson,Mathematics Statistics,4.6,94%,2
Guharaman Janakiraman,Computer Information Systems,4.6,100%,3.1
Terry Ellis,Social Science,4.0,65%,3
James Suits,Administration Of Justice,4.0,67%,2.1
Lisa Kohnhorst,English As A Second Language,4.7,94%,2
Griffin Bonini,Paralegal Studies,4.8,100%,2.4
Robert Molinar,Sociology,4.7,100%,1.6
Rocky Lewycky,Art,4.1,55%,3
Amy Reily,English,1.0,0%,3
Masako Miki,Fine Arts,3.9,45%,2.8
Jennifer Penkethman,English,4.3,77%,2
Hoang Nguyen,Computer Information Systems,2.0,35%,3.8
Topolavic Jasmina,English As A Second Language,2.6,60%,3.8
Soo Choi,World Languages,3.0,67%,2.7
Alexander Morgan,Computer Information Systems,1.6,17%,4.2
Leah Lane,Mathematics,4.1,73%,3.7
Christopher Olsen,Psychology,4.6,100%,2.1
Seema Gupta,Computer Information Systems,3.5,50%,2.9
Mary Breen,Accounting,3.2,75%,3.5
Maryam Adamzadeh,Mathematics,4.7,100%,2.1
Joanne Dang,English As A Second Language,5.0,100%,3
Alan Wilcox,Chemistry,3.4,60%,3.1
Mari Huerta Tapia,Sociology,4.5,84%,2.5
Kerry Rohrmeier,Geography,4.6,93%,1.9
Jeffrey Staudinger,Environmental Studies,4.2,92%,2.2
LaQuisha Beckum,Psychology,3.6,25%,2
Kevin Rudich,Administration Of Justice,3.3,50%,2.5
Fran Jackler,Humanities,3.4,78%,2.1
Kathleen Haven,English As A Second Language,4.5,84%,3.3
Ammu Nair,English,3.5,56%,2.8
Cristin Boyd,English As A Second Language,4.3,75%,3
Dennis Gorsuch,Biology,4.4,100%,2.8
Avera Joshua W,Psychology,4.0,100%,2.4
Peter Ho,Physics,5.0,100%,2.9
Robert Alexander,Counseling,4.7,93%,2
Parisa Roghani,Biology,1.4,6%,4.3
Felipe Ponce,Ethnic Studies,3.9,82%,2.6
Anu Khanna,International Studies,4.0,71%,2.3
Marin Marin,English As A Second Language,3.0,34%,3.5
Elizabeth MacParlan,Biology,4.1,0%,3.9
Margarete Leclerc,Chemistry,4.6,89%,3
Webster Hamilton,English,4.7,84%,1.8
Laura Orella,English,2.3,43%,2.9
Nadia Biglari,Chemistry,3.4,75%,2.6
Shu-Huar Yeh,Computer Information Systems,3.4,67%,2.8
An Lam,Computer Information Systems,1.0,0%,3
Faravashi Sorena,English As A Second Language,3.8,100%,2.9
Joel Abramson,Film Television,4.9,100%,1.4
Li Wei Sun,Education,2.5,43%,3.5
Yogeswari Viswanadha,Mathematics,3.8,69%,3.1
Enrique Jimenez,Physics,2.8,67%,4.7
Paul Setziol,Music,4.5,84%,3.3
Sol Puenzo,Chemistry,3.3,64%,3.7
Jamie Stock Joseph,English,4.8,97%,2.7
Harman Dhaliwal,Mathematics,3.5,58%,3.2
Kevin Metcalf,Computer Information Systems,4.9,100%,2.7
Maristella Tapia,Sociology,4.4,93%,2.2
Amir Alem,Administration Of Justice,3.7,67%,2.7
Lisa Markus,Mathematics,3.6,43%,3.3
Natalie Nguyen,Chemistry,5.0,100%,3
Terrance Brown,Accounting,4.3,0%,2.4
Javy Galindo,Philosophy,4.9,100%,2.3
Michael Fitzpatrick,Philosophy,5.0,100%,1
Jonah Hoyle,English,4.6,96%,2.3
Miloni Gandhi,International Studies,2.0,0%,2
Lakshmamma Venkata,Accounting,3.6,62%,3.2
Vasuda Bhatia,Engineering,5.0,100%,3
. Sengupta,Biology,3.4,40%,3.1
K.D. Le Huynh,Human Development,4.3,100%,1.5
laubner david,Physics,4.7,100%,3.3
Karl Schaffer,Mathematics,2.7,100%,3.2
Kimberlee Andrews-Bingham,Business,4.8,100%,1.6
Sonia Pollitt,Chemistry,2.3,0%,4
Josh Visser,Chemistry,5.0,100%,3
Samuel Maquilon,Physics,4.3,67%,2.7
Genevieve Freckelton,Film & Television,4.8,100%,3.4
Anna Hawes,Engineering,5.0,100%,1
Farzaneh Ghiasvand,Physical Ed,4.3,100%,1.7
Yumi McCormick,Languages,4.5,100%,1.9
Bhavna Sharma,Business,4.5,87%,2.8
Manisha Karia,Business,4.8,93%,2.3
Sun Li W,Child Development & Education,2.2,25%,3.8
Mallory Newell,Political Science,4.4,100%,1.8
Brian Smith,English,4.5,91%,2.3
Ann Cody,Astronomy,3.0,100%,2.5
Cassidy Sterling,Psychology,4.7,100%,2.6
Zaki Hasan,Communication,4.5,100%,2.8
Eric Liao,Intercultural Studies,4.9,100%,3.1
Evan Low,Political Science,3.8,100%,2.7
Milena Grozeva,Film Television,4.5,85%,2.4
Sunny Malatesta,Journalism,4.8,92%,2.7
Judy Hubbard,English,4.2,85%,2.7
Vidyodhaya Sundaram,Biology,3.5,48%,3.7
Jessica Hamilton,Intercultural Studies,2.8,0%,2.6
Ebenezer Morikiang,Biology,3.5,100%,3.3
Prakash Chandras,Art,2.3,19%,3.2
Lisa Vasquez,Reading,4.4,72%,1.9
Cheri Markt,Engineering,5.0,100%,1
Chris Tsuji,Mathematics,3.6,16%,2.7
Matthew Culver,English,4.8,100%,1.7
Christian May,Physical Education,3.4,60%,2.6
John Wise,Film & Television,5.0,100%,3
Joseph Navarro,English,3.6,60%,4
Ann Thistlethwaite,English As A Second Language,3.6,39%,3
Jennifer Quevedo,Nursing,5.0,100%,2.5
Melody Stamp,Mathematics,4.4,100%,2
Nick Mattis,Physical Education,4.7,88%,1.5
James Capurso,Speech Communication,4.9,88%,1.9
Amanda Lee,Intercultural Studies,4.7,100%,3
Tamara Goldie,Counseling,3.7,50%,1
Evan McGown,Psychology,5.0,100%,1.8
Nanda Jain,Mathematics,3.9,88%,2.3
Maurice Geraghty,Mathematics,4.4,93%,2.2
Brian Lewis,English,4.3,100%,2.7
Dennis Irwin,Film & Television,3.9,85%,2.5
Mark Landefeld,Physical Education,4.2,100%,1.4
Carobus Patricia,English,4.4,100%,3.3
Melinda Hughes,Human Development,3.9,72%,1.9
Cherakah Cunningham,Speech Communication,4.9,100%,1.6
Erik Woodbury,Chemistry,3.9,64%,4
Alvarado J Cuff,Biology,4.5,100%,2.3
Hellen Pacheco,Computer Information Systems,3.7,59%,2.6
Ebru Demir,English As A Second Language,1.4,23%,4.6
Michael Cheung,Sign Language,3.4,58%,3.6
Phyllis De Motta,Child Development,2.6,37%,3.5
Andera Lee,English As A Second Language,3.5,0%,3
Angelica Strongone,International Studies,5.0,100%,1.3
C Norman,English,3.6,100%,3.5
Iris Thot-Johnson,English As A Second Language,4.4,100%,2.4
Mark Fu,Counseling,4.6,100%,1.2
"William ""Bill"" Mattick",Creative Arts,1.9,0%,2.1
Patricia Williams,Nursing,4.4,75%,2.5
Matthew Lee,Mathematics & Statistics,4.7,96%,2.9
Lan Troung,Counseling,5.0,100%,1.3
Christina Jethi,History,1.5,20%,3
Fatemeh Samavati,International Studies,5.0,100%,2
Shirin Jamali,Physics,2.0,25%,2
J Startwell,English,4.3,0%,2.5
Ethan Lee,Intercultural Studies,4.2,48%,2.2
Anne Leskinen,Mathematics,3.7,100%,3.2
Gokce Kasikci,Art,4.0,72%,3.1
Young Jung,Humanities,2.5,46%,3.5
Antonio Ramirez,Philosophy,4.7,92%,2.4
Gary Niedermier,Business,4.4,79%,2
Tri Pham,Computer Information Systems,2.6,60%,3.2
Zaki Lisha,Film,4.2,100%,2.2
Ruben Abrica-Carrasco,Spanish,3.1,50%,3.2
Bertrand (Bert) Lo,Mathematics,3.6,21%,3.7
Charles Lee,English As A Second Language,3.7,47%,2.4
John Ritchie,Business,4.8,95%,1.8
Jila Maleksalehi,Child Development & Education,4.8,95%,2.5
Jennifer Gutierrez,Mathematics,4.0,78%,2.8
Marie Chelberg,Psychology,3.0,50%,4
Alice Chan,English As A Second Language,4.4,80%,2.5
Rachel Snelling,Chemistry,5.0,100%,2.5
Ray Buyco,History,5.0,100%,3.3
Daria Eiteneer,Chemistry,2.7,34%,3.3
Sewan Fan,Physics,1.0,0%,4.2
Michael Bull,Economics,3.1,100%,3.4
Elena Zlatogorov,Chemistry,2.2,32%,2.7
Ab Kun,History,4.8,100%,2.8
Adrienne Frisbee,Environmental Studies,4.7,92%,1.9
Rosanna Alvarez,Intercultural Studies,3.5,55%,2.6
Edward Sales,Nursing,1.0,0%,3
Annie Hickling,History,3.3,25%,2.7
Murielle Rose,Psychology,2.6,67%,2.6
Cecilia Deck,Journalism,4.3,86%,2.8
Warren Haack,Film & Television,3.2,53%,2.7
Mallory Lawlor,Criminal Justice,4.6,80%,1.1
Olga Libova,Nursing,4.4,67%,2.4
Kristin Skager,English,4.6,80%,1.9
Lenore Desilets,Mathematics,3.8,58%,2.9
Yolanda Johnson,Counseling,4.3,100%,1.7
Trung Le,Philosophy,4.0,70%,3.1
Julia Feld,Art,4.0,78%,2.6
Paul Fong,Political Science,4.4,80%,2.4
Chien-I Chiang,Physics,5.0,100%,2.9
Chris Kwak,Accounting,3.4,66%,3.2
Patrick Bresnan,Social Science,4.1,100%,2.3
Nancy Barasch-Kane,English As A Second Language,4.3,87%,2.6
Loren Tayerle,Music,2.0,38%,3.4
Kent Johnson,Biology,3.6,92%,2.7
Karina Dundurs,Computer Information Systems,2.1,30%,3.4
Lale Yertseven,Business,4.0,100%,2
Farshod Mosh,Mathematics,3.5,50%,3.5
Clara Lam,English,2.3,47%,3.5
Fatemeh Zarghami,Social Work,3.5,54%,2.7
Sklyar Angelina,English As A Second Language,3.5,34%,2.3
Ron Dunn,Music,3.8,19%,2.8
Dariush Gilani,Languages,4.6,88%,1.7
Dionne Morgan,Business,3.9,60%,2
Janine Midori Fujioka,Ethnic Studies,4.1,100%,2.8
Daniel Blanchette,Paralegal Studies,4.6,88%,2.7
Barbara Fink,Mathematics,4.2,100%,2.7
Hong Zeng,Languages,3.5,0%,3.4
Lan Shen,Chemistry,3.3,0%,3.4
so lee,Intercultural Studies,3.0,50%,4
Divya Gairola,Chemistry,4.3,91%,2.9
Valerie Ormeno,English,4.2,58%,2.2
MANIZHEH ZAND,Engineering,3.2,59%,2.6
Mera Horne,Engineering,3.0,100%,4
Valerie Oman,English As A Second Language,4.2,67%,3.3
Reann Ramsey,Humanities,2.5,25%,3.8
Marek Chichanski,Geology,4.4,72%,2.4
Elaine Lee,Speech,4.5,64%,2
Karen Knoblaugh,Nutrition,4.2,100%,3.3
Patricia Hassel,Health Science,4.1,100%,2.1
Arden Kragalott,Physical Education,4.1,88%,2.2
Isaiah Nengo,Social Science,3.7,60%,3.2
Charles Ramskov,Psychology,3.5,60%,3.1
Pete Lee,Speech,3.8,100%,2.3
Leighton Armitage,Political Science,2.0,34%,3
Nirmala Janak,Mathematics,3.3,62%,3.3
Mary Ann May-Pumphrey,Computer Information Systems,2.6,34%,3.2
Tracy VU,Mathematics,3.7,100%,2.1
Jila Malek,Child Development & Education,3.4,34%,3
Jen Myhre,Sociology,4.4,65%,2.9
Jose Rueda,Computer Information Systems,3.7,34%,3
Azar Sioshansi,Mathematics,4.1,80%,2.7
Anne Miller,Physical Education,1.6,20%,3.8
Nelly Valencia,Languages,3.2,100%,3.5
Keith Mello,Accounting,4.5,86%,2.8
Yvonne Mills,Paralegal Studies,2.7,50%,4.3
Michelle Marchiano,English As A Second Language,3.3,42%,4.1
Marchiano Michelle,English As A Second Language,3.2,50%,3.6
Jennifer Myhre,Sociology,3.0,50%,4.5
Billie Lo,Chemistry,2.6,20%,3.5
Letha Jeanpierre,Accounting,2.5,75%,4.4
Cathy Patel,Mathematics,5.0,100%,2.7
Hema Ramakrishna,Chemistry,3.4,53%,3.7
Joel Franks,History,4.3,90%,1.6
Kelly Lundstrom,Mathematics,5.0,100%,2.2
Daniel Elkan,Humanities,3.6,73%,2.2
Debbie Wagner,Medical Laboratory Technician,4.0,100%,2.5
Catherine Hrycyck,Nursing,3.7,60%,2.9
Catherine Hrycyk,Nursing,2.0,25%,2.3
Valerie Greene,Environmental Science,4.8,95%,2.6
Joe Bentley,Computer Information Systems,4.2,75%,3.7
Tanzeen Doha,Humanities,3.6,100%,2.8
Srikar Srinath,Astronomy,3.3,75%,3.8
Timothy Ratchford,Accounting,4.0,85%,2.7
Rupinder Sekhon,Mathematics,3.1,50%,3.3
Margaret Stevens,History,3.4,19%,2.7
Patrick Allman,Mathematics,3.0,25%,3.5
Edwin Njinimbam,Mathematics,2.2,29%,3.9
Shankari Patel,Anthropology,4.8,84%,1.6
Susan Erickson,Health Technology,3.0,50%,3.2
Dan Mitchell,Music,3.6,28%,3
Patricia Carobus,English As A Second Language,4.8,100%,2.7
Motosuke Ohtake,Fine Arts,3.6,50%,2.7
Nicholas Bridger,Intercultural Studies,2.6,34%,3.6
Glenn Lovell,Film,4.0,61%,3.1
Amarjit Chadda,Mathematics & Statistics,2.3,28%,4.1
Betty Inoue,Career & Life Planning,1.0,0%,5
Joan Parrish,Mathematics,2.9,38%,3.8
Curtis Kifer,Mathematics,3.8,61%,2.9
Kimberly Vinall,World Languages,3.8,70%,2.6
Susan Yoes,English,2.4,12%,2.9
Chris May,Physical Ed,4.3,100%,1.3
Desilets Lenore M.,Mathematics & Statistics,3.0,50%,4
Robert Ramsey,Mathematics,4.7,93%,2.6
Lucinda Cabral,English As A Second Language,2.7,59%,3.3
Peter Juarez,Dance & Theatre,4.8,100%,1.7
Elizabeth Bresnen,Art History,2.8,0%,2.3
Keith Ducote,Geography,4.7,100%,3
Lana Sheridan,Physics,3.8,82%,3.7
Beatriz Orozco,Speech Communication,1.0,0%,3.3
Ron Bates,Computer Information Systems,2.0,10%,2.2
Julie Scott,English,3.8,50%,2.8
Ghiasvand Farzaneh,Physical Education,3.4,100%,1.3
Christopher Wagner,Art,5.0,100%,2
. Venkata,Accounting,3.9,100%,3
Jennifer Roscher,English,2.7,46%,4.2
Xiaomei Schnittgrund,Language Arts,4.8,100%,3
Lindsay Merrill,Mathematics,5.0,100%,2
Wyatt Howard,Mathematics,4.1,72%,3.2
Laura Mizuha,English As A Second Language,5.0,100%,1.7
Anuradha Khannna,Speech Communication,5.0,100%,1
Rose Murielle,Sociology,2.8,34%,2.5
Timothy Smith,Mathematics & Statistics,3.3,40%,2.8
Rachel Talamantez,Child Development Education,5.0,100%,1.7
Lynh Nguyen,English As A Second Language,3.2,34%,2.4
Mark Martinelli,Accounting,2.5,58%,3.8
Alexander Gerould,History,4.8,90%,2
Elena Dorabji,Political Science,3.0,50%,3.1
Gigi Acker,Nutrition,4.9,100%,1.3
Kimberly Braasch,English,4.1,86%,3.6
Anthony Delaney,English,3.5,50%,3.3
Brian McCauley,Biology,4.1,44%,3.9
Fujiko Wortz,Languages,4.5,34%,1.7
Sherwood Harrington,Astronomy,3.5,75%,2.1
William Mattick,Photography,2.0,17%,3.7
Scott Hertler,Physical Ed,3.9,72%,1.3
Cheryl Coon,Design,4.5,72%,2.8
Sripriya Chari,Psychology,4.0,100%,3
David W. Tully,Political Science,3.0,53%,2.6
Tom Meredith,Political Science,4.0,0%,5
Paul Olejniczak,Science,4.5,100%,1.4
James Karkas,Paralegal Studies,4.0,34%,3.2
Steffani Djuarsa,Asian Studies,4.6,88%,2.4
Clara Jung,Languages,1.9,34%,2.3
Martina Ebesugawa,Psychology,4.0,60%,2.6
Ward Shimizu,English,4.5,94%,2.3
. Roscher,English,3.5,100%,3.6
John Perry,Computer Information Systems,2.8,100%,4.1
Jennifer Van Sijll,Film amp Television,4.4,100%,2.4
Emily Gable,Philosophy,5.0,100%,2
Erik Houser,Mathematics,4.1,62%,2.8
Gene Lindenbaum,Paralegal Studies,5.0,100%,2.7
Kelly Simons,Physical Education,4.5,100%,1.5
Dan Casas,Real Estate,5.0,100%,2.1
Veronica Neal,International Studies,4.0,80%,2.2
Veronica Avila,English,1.0,0%,4
Gail Hicks,Music,3.4,67%,1.6
Guido Bordignon,Biology,4.5,90%,3
Bill Abb,Mathematics,4.8,100%,2
. Tully,Political Science,3.0,50%,2.5
Cassandra Blume,Intercultural Studies,4.5,100%,2.5
Juanita Russell,Health Science,1.6,0%,3.9
Michael Chang,International Studies,3.2,54%,2.1
Janet Gawbill,Mathematics,3.8,34%,2.6
Tanya Carrell,English As A Second Language,3.3,50%,3.3
Aimee Gillette,Film & Television,3.8,64%,2.6
Emanuele (Manny) Cappello,Business,4.7,100%,1.9
Christina Lopez-Morgan,Psychology,3.0,25%,3.2
Dennis Burns,Administration Of Justice,5.0,100%,1.7
Hwaja Choi,Korean,4.3,88%,2.1
Christopher Bankston,English As A Second Language,3.9,72%,3
Chigusa Inaba,International Studies,4.4,85%,1.9
Rick Hubbard,Computer Information Systems,1.3,13%,2.7
Xuan Renghi,World Languages,3.0,0%,2
Chantal Thao,Foreign Languages,4.8,100%,1.8
Roberta Bloom,Mathematics,3.2,71%,3.3
Kiran Malavade,English,4.0,86%,2.6
Coleen Lee-Wheat,Physical Ed,3.8,0%,1.9
Daniel Bulmahn,Chemistry,4.7,100%,3
Howard Garnel,Chemistry,3.1,38%,3.7
Scott Peterson,Mathematics,3.5,35%,3.9
Reza Brojerdi,Mathematics,2.8,25%,2.3
Linda Frias-Selinske,English,4.5,100%,2.7
Jensen Jeung,Sociology,4.4,78%,2.3
Zana Wilkie,Child Development Education,2.2,0%,3.1
Darlene Frie,Nursing,4.0,80%,3.4
Gary Zarecky,Physical Ed,3.8,100%,1.6
Ron Nicoletti,Mathematics,4.7,94%,2.2
Roger Mack,Economics,3.3,100%,3.7
Yurha Lee,Languages,4.3,78%,2.3
Lakshmi Vanniasegaram,Mathematics,2.8,100%,3.5
Richard Hansen,Mathematics,3.6,73%,3.2
Peter Miskin,Nursing,4.8,97%,3
Gayathri Chakravarthy,Mathematics,4.7,100%,2.7
Sujung Park,Business,4.8,89%,3.3
Nancy Evans,Physical Ed,4.2,60%,2.3
Iaroslav Kryliouk,Mathematics,3.8,76%,2.4
Crystal Hupp,History,2.7,25%,3.7
Janice Hector,Mathematics,2.6,29%,3.9
Juan Gamboa,Ethnic Studies,4.8,93%,2.2
Marissa Smith,Anthropology,3.5,50%,1.8
Ruben Abrica,Intercultural Studies,3.7,25%,1.9
Kanako Suda,English As A Second Language,3.0,40%,3
Diane Pierce,Graphic Arts,4.0,25%,2
Neela Srinivasan,Environmental Studies,4.0,40%,2
Tomasz Skiba,Psychology,5.0,100%,1.3
Levy Zamora Jr.,Language Arts,4.1,100%,2.8
Sam Kiamenish,Business,4.5,100%,2.6
Lance Lund,Mathematics,3.3,67%,2.3
Marty McNamara,Film,4.2,50%,1.9
Dominic Caserta,Political Science,4.9,100%,2.3
Gunjan Chakravarty,Physics,1.0,0%,2
Marni Lawlor,Administration Of Justice,5.0,100%,2
Marta Panus,Reading,4.5,88%,1.9
Donna Beaman,Reading,4.0,72%,1.7
Letty Wong,English,2.2,40%,4
Martin McNamara,Film Television,3.3,0%,2
Teresa Dey,Animation,5.0,100%,3
Edmundo Norte,Intercultural Studies,3.0,50%,1
Michele Dubarry,English,3.7,40%,3.2
Nannette Regua,History,2.5,50%,3
Jonathan Nay,Mathematics amp Statistics,3.1,50%,3.5
Homer Tong,Chemistry,1.6,8%,3.7
Joseph Kennedy,Manufacturing amp CNC Technology,2.4,40%,4.2
Marcia Briggs,Fine Arts,4.3,50%,1.2
Martinelli Mark,Accounting,3.3,86%,4.2
Anastasiya Campbell,Mathematics,5.0,100%,4
Andrew Harsany,Administration Of Justice,5.0,100%,3
Tono Ramirez,Photography,4.3,100%,3
Andrew Phelps,Mathematics,1.9,23%,3.2
Michael Kaku,Counseling,4.8,67%,1.5
Winnie Wong,Mathematics,2.5,25%,3.8
Jorge Guevara,Ethnic Studies,3.3,23%,1.9
Lorna Pierce,Anthropology,4.7,100%,3.3
Mary Goowin,English As A Second Language,3.0,0%,3
Elizabeth Figueredo,English,4.9,100%,2.5
Lawrence Osborne,Accounting,4.0,100%,2
Mo Moreno,Intercultural Studies,4.8,100%,3
. Uy-Barreta,Economics,2.8,23%,2.7
Mason Razavi,Music,4.5,100%,1.6
Nhon Lam,Physical Education,5.0,100%,2.3
Arianne Ishaya,Anthropology,2.7,50%,2.8
Charles Petersen,Mathematics,4.0,75%,3.3
Mark Engel,Fine Arts,3.9,50%,2.8
Linda Choi,English As A Second Language,3.7,67%,4.2
Sara Vizcarrondo,Film & Television,3.9,40%,3
Jimmie Wilson,English,3.5,100%,2.1
John Mark Brady,Economics,5.0,100%,2
Cynthia Lee-Klawender,Computer Information Systems,3.5,67%,2.3
Elizabeth Zapata,Mathematics,5.0,100%,3
Yatman Auyoung,Mathematics,1.5,15%,4.4
Jennifer Frances,Speech Communication,4.8,100%,2
Ronald Goularte,Business,4.5,75%,2.5
Linda Hurkmans,Psychology,3.5,50%,3
Don Nickel,Counseling,4.8,100%,1.5
Karen Greguras,English,3.2,34%,2.4
Bill Hepburn,Computer Information Systems,1.9,15%,2.7
Mayra Cruz,Psychology,3.1,67%,2.6
Rene Anderson-Watkins,English,4.4,86%,3.4
John Sooja,English,4.3,84%,3.1
Yue Liu,Chemistry,3.9,75%,2.9
Shweta Gupta,Mathematics,4.3,100%,2.6
Miriam Martin,Environmental Studies,4.5,73%,1.9
Leland Van Fossen,Biology,4.0,100%,2.8
Thomas Vician,Philosophy,3.0,100%,3.5
Adrienne Pierre,Counseling,2.9,34%,3
Margaret Piper McNulty,Speech,3.5,69%,2.8
Mishan Afsari,Biology,5.0,100%,2.4
Monica Nolasco,Counseling,2.0,0%,1
Ian Jones,Chemistry,4.0,73%,3.7
Arthi Srinivasan,Chemistry,4.6,90%,3
Julie Kline,English,4.4,100%,2.7
Philip Higgins,Environmental Studies,4.9,100%,1.2
Francisco Preciado,Political Science,4.4,100%,1.7
Patrick Marder,History,4.4,100%,2
Kelly Raftery,Law,4.2,72%,3.4
Kiran Maldavad,Reading,5.0,100%,3
Claudia Andrade,Anthropology,4.2,77%,2.4
Caroline Ouyang,English As A Second Language,4.2,80%,3.4
Frederick Ferrer,Psychology,4.4,100%,2.3
Alexander Kwiatkowski,Physics,4.8,88%,1.6
Steven Headley,Mathematics,2.5,0%,3.5
Nita Martin,Reading,2.2,17%,2.7
Joanne Hames,Social Science,4.6,100%,2.2
David Hertler,Physical Education,4.0,100%,1
Aimee Suzara,English,3.6,59%,2.9
Alexis James,Accounting,5.0,100%,2.5
Nina Danilova,Mathematics,2.4,67%,3.1
Hansen Joel,Mathematics,1.7,50%,4.3
Pamela Ruiz,Mathematics,3.7,34%,3.3
Sara Saatchi,Child Development & Education,2.6,50%,3.6
Gerri Dayharsh,English,3.6,40%,3.1
Svetlana Tyuleneva,Mathematics,3.5,0%,1.9
John Walton,Automotive Technology,4.4,100%,2.5
Frances Lai,Languages,4.3,100%,2.1
Angelina Sklyar,English As A Second Language,3.5,67%,2.5
Carmen Ramos,World Languages,1.5,25%,2.7
Emily Benson,English,4.0,67%,1.7
Achim Weidemann,Physics,2.0,0%,4
Aaron Thomsen,Computer Information Systems,5.0,100%,1
Sherri Cozzens,Nursing,5.0,100%,2.9
Juliana King,Nutrition,4.8,100%,1.3
Ann Daniels,Biology,5.0,100%,3
John Cook,Geology,4.5,80%,2.4
Karen Boerner,English As A Second Language,3.0,67%,3.1
Nicolai Peck,English,3.5,60%,3.3
Richard Roesky,Physical Ed,4.2,100%,1.8
Miranda Wann,English,3.7,75%,2.5
Chris Newell,Manufacturing CNC Technology,2.3,50%,3
Marian Wronsky,English,3.2,44%,3.4
Ning Lu,Mathematics,1.0,0%,3
Raji Lukkoor,Engineering,5.0,100%,3
Heather Peterson,Art,3.8,75%,3.9
Jennifer James,Reading,2.9,67%,3.5
Patrick Huet,Physics,2.7,0%,3.7
Kenneth Yu,Mathematics,2.5,50%,2
Jessica Belluomini,Reading,5.0,100%,2.5
Charles Klein,Mathematics,2.5,43%,4
Jeff Schinske,Biology,4.8,100%,1.9
Jamel Thompson,Child Development & Education,4.5,67%,1.9
Robert Cartier,Anthropology,4.8,100%,1.7
Paul Calgher,Chemistry,2.3,40%,3.5
Rob Clem,Humanities,4.9,100%,1.7
Wilfredo Castano,Photography,3.6,0%,2.1
Minh Vu,Mathematics,4.0,72%,2.7
Mary E. Goodwin,English,2.9,15%,3
Frank Snow,Mathematics,2.9,0%,3
Jeffrey Mancilla,Not Specified,3.8,100%,2.8
Carolyn Fasano,English,4.0,86%,2.3
Sun Xiao Mei Schnittgru,Languages,3.6,100%,2.8
Lucia Olson,English,3.2,60%,2.3
Donald Huntley,Real Estate,3.3,0%,2.5
Rowena Matsunari,English,3.5,100%,3.6
Gary Fisher,Chemistry,3.5,50%,3.8
David Schroerlucke,Mathematics,3.4,100%,3
Russell Morris,Real Estate,2.6,100%,3.7
Yiyun Huang,Physics,2.4,38%,3.5
Marika Ruumet,English,3.4,75%,3.6
Rodney Gomes,Administration Of Justice,3.8,60%,2.3
Krikor Andonian,Environmental Studies,3.8,100%,2
Melissa Nievera-Lozano,Intercultural Studies,5.0,100%,2
Cheryl Battiato,Art,3.9,100%,3
Mary Sullivan,Nursing,1.0,0%,5
Judith Clavijo,Nursing,2.1,0%,3.8
Ron Qian,Physics,3.6,79%,2.5
Nanci Irene Higgins,Reading,5.0,100%,1
Robert Farrington,Music,3.8,100%,2.6
Jody Ryker,Mathematics,2.7,23%,3.9
Maria Yershova,Mathematics,4.0,80%,2.6
Diana Wright,Nutrition,4.5,80%,2.2
Paulette Vashio,Reading,5.0,100%,2
Tu Pham,Mathematics,4.5,100%,2
Daniel Wheeler,Mathematics,3.0,75%,3.1
Todd Marvin,English,4.2,100%,3
Carl Jech,Humanities,3.8,50%,2.4
Maureen Ward,Psychology,4.7,100%,1.8
Huong LE,Mathematics,3.8,17%,2.7
Tami McCoy,Accounting,2.0,100%,4
Noel James Marianetti,English,4.0,100%,1.6
Au Young,Mathematics,1.2,0%,4.7
Shirley Juan,Languages,2.7,0%,2.3
Tommy Iao,Mathematics,5.0,100%,1
Mary Halloran,Mathematics,2.5,50%,3.5
Yukiko Konishi,Japanese,3.5,43%,3
Hai Au,Mathematics,5.0,100%,2
Myriam Martinez,Health Technology,2.0,40%,4.2
. Vashio,English,2.8,100%,1.9
Anton Anatole,Philosophy,3.9,100%,3
Kathy Plum,Mathematics,3.2,50%,3
Diane Mathios,Mathematics,4.8,100%,1.8
Milena Lilles,Biology,4.5,100%,3
Minna Holopainen,Speech Communication,2.0,0%,4
SE Park,Accounting,2.7,100%,3.4
Marcia Maiero,Physical Education,4.3,0%,1.7
Mousavi Shafaei,Biology,3.1,34%,3.5
Revathi Sundaresan,Mathematics,4.0,100%,2.6
Susan Cooper,English As A Second Language,4.5,100%,1.5
Steve Hurst,Accounting,3.7,58%,2.2
Ram Subramaniam,Chemistry,4.4,100%,2.6
Laura Karst,Languages,4.8,100%,2.4
Thomas Marshburn,Physics,3.1,54%,3.7
Dave Perry,Film,4.8,100%,2.7
Alice Marciel,English,2.4,0%,2.1
Lindenbaum Gene,Social Science,4.5,100%,2.6
Stacy Hopkins,Paralegal,3.0,100%,2.4
Tamika Brown,Ethnic Studies,3.5,50%,1.6
William Webb,Biology,3.1,67%,3.7
Michael Lowy,Social Science,3.3,0%,3.8
Barbara Dahlke,Counseling,3.9,0%,1.2
Sholeh Hajialiasga,Art,5.0,100%,3
Miguel Angeles,Biology,3.9,100%,2.7
Jay Park,Accounting,3.2,67%,3.3
Lilian Masters,Accounting,3.2,50%,3.2
Roberta Powers,Health Technology,3.8,0%,2.9
Renee Nelson-Rebele,English,4.3,84%,2.2
Paria Bakhtar,Chemistry,3.0,25%,3.5
To Tam Pham,Mathematics,4.7,100%,1.3
John Herlihy,Administration Of Justice,4.2,50%,4
Matt Abrahams,Speech,4.7,100%,2.1
Kyejung Yang,Anthropology,4.0,100%,2.1
Yu Lee,Language Arts,2.0,0%,5
Kristin Sullivan,Science,4.7,80%,1.9
Mary Jo Ignoffo,History,4.8,100%,1.5
Ana Casareto,Anthropology,3.3,0%,3.4
Karin Pogosian,Communication,5.0,100%,2.2
Barak Goldman,Film,4.6,79%,2.2
Kanny Wan,Chemistry,4.2,100%,2.9
Mary Ann Herlihy,Paralegal Studies,1.8,50%,4.7
Frank Soler,Mathematics,3.1,0%,4.2
Gloria Heistein,English,2.1,50%,3.4
. Vernazza,Automotive Technology,5.0,100%,2.8
Rachel Pacheco,Physical Education,3.8,67%,2.1
Xochitl Chavez,Anthropology,4.3,100%,1.8
Sara Maria Vizcarrondo,Film,3.6,100%,3.7
Ruey Li,Mathematics,4.2,100%,2.5
Liz Soluri,Anthropology,5.0,100%,2
Jackson Yan,English,5.0,100%,1.5
Charles Grey,English,2.7,0%,3.1
Yufeng Sun,Physics,3.8,80%,2.2
Connie Lam,Mathematics,4.2,80%,2.4
Deming Richard,Chemistry,1.0,0%,5
Khalida Kareemi,English,1.9,75%,3.5
Danielle Von Matt,Physical Education,2.9,0%,3.1
Linda Chang,English,3.3,40%,3.3
Steve Rappaport,Economics,3.1,100%,3.9
Araceli Lopez-Garibay,Astronomy,3.0,100%,3
Franklin Snow,Mathematics,1.0,0%,1
Osb Ramsey,Humanities,4.0,0%,2.6
Tom Beggs,Physical Ed,5.0,100%,1.2
Elizabeth Burns,Economics,3.1,100%,3.2
Mike Holler,Communication,4.3,100%,2
Tazumi Scearce,Languages,3.8,100%,1.7
Jana Clark,Environmental Studies,3.7,50%,2.3
Doris Spanggord,Biology,4.0,0%,3.8
Eileen O'Halloran,Geography,4.2,50%,2.5
Michael McCart,Automotive Technology,5.0,100%,2
Soma Debourbon,Sociology,5.0,100%,3
Susan Gordon,Political Science,3.5,100%,2.2
Sholeh Asgary,Photography,4.3,100%,2.5
Mary Lavin,Health Technology,4.8,100%,4
Lee Cynthia,English As A Second Language,2.3,0%,4
Diana Martinez,Environmental Studies,5.0,100%,1.3
Sharene Voelkel,Environmental Studies,5.0,100%,1
David Pirrone,Accounting,4.8,100%,1.9
Elaine Anderson,English,1.5,0%,3
Uy Le,Biology,1.0,0%,4.5
Brendan Hamel-Bissell,Engineering,4.8,100%,2.1
Bryan Peretti,Administration Of Justice,5.0,100%,1.2
Charles Anderson,Economics,2.8,100%,3.3
Yume Kim,Reading,4.6,100%,1
John Mischke,Humanities,4.1,100%,2
Karen Williams,Speech Communication,4.7,100%,2.1
Robert Baden,English,4.8,100%,3.5
Sandy McKeithan,Child Development,3.8,0%,2.6
Joyce Gray,Speech,4.0,50%,1.8
Noel Marianetti,English As A Second Language,5.0,100%,2
Forest O' Brian,Automotive Technology,5.0,100%,1
Alan Chin,Physics,4.0,100%,2.3
Nick Mullins,English,4.4,100%,2.8
Diane Martinez,Environmental Studies,4.8,100%,1.8
Paul Klumpe,Philosophy,5.0,100%,1.7
Elaine Bredl,Reading,4.5,100%,2.7
Alejandro Molino Torres,English,2.2,100%,2.6
Elizabeth Aydelott,English,4.5,100%,3.2
Patty Burgos,Counseling,5.0,100%,1.2
Shawna Vesco,English,4.6,100%,2.2
Lee Aarons,Engineering,2.0,0%,3.5
Madison Nguyen,Sociology,5.0,100%,1
Alysia Caryl,Humanities,4.1,100%,2
Douglas Lee,History,3.9,100%,4.3
Emily Breunig,English,4.8,100%,2.3
Maryanne Ifft,English As A Second Language,4.2,0%,2.3
Ridha Hamidi,Environmental Studies,2.2,0%,4.3
Vivian Qian,Child Development Education,3.0,100%,3
TO TAM THI PHAM,Mathematics,3.9,100%,2.6
James Wilson,English,4.4,100%,2.7
Liz Mount,Sociology,4.0,0%,3
Nanette Wylde,Education,4.0,0%,3
Elizabeth Dodd,English As A Second Language,5.0,100%,2.3
Michele DuBarry,English As A Second Language,5.0,100%,2
Michael Cao,Mathematics & Statistics,3.6,100%,3.2
Nick Voyvodich,Business,4.8,100%,2.3
Liz Lawson-Gill,Nursing,4.2,N/A,5
David Feiler,Chemistry,4.5,N/A,2.3
Richard Garvin,English,2.5,N/A,2.8
John Hamer,History,3.1,N/A,3.7
Victor Vargas,English,2.9,N/A,3.8
Marsha Shaw,Art,3.1,N/A,2.8
Brian Weydemuller,English,5.0,N/A,1.5
Frank Jones,Mathematics,1.7,N/A,3.7
Francisco Alvarez,Mathematics,4.0,N/A,2.4
Mick Petchprom,Mathematics,1.6,N/A,4.7
Dan Atencio,Physical Education,4.1,N/A,1.4
Cam Vu,International Studies,3.3,N/A,3.2
Rika Fabian,Sociology,3.9,N/A,2.9
Richard McGrail,Anthropology,4.0,N/A,1.6
Amy Lombardi,English,3.8,N/A,2.3
Elizabeth Green,English,4.2,N/A,2
Ana Cristina Leal,Psychology,4.4,N/A,1.7
Farzad Taiedi,Physics,3.5,N/A,3
Gary Lamit,Computer Information Systems,3.9,N/A,1.4
Dave Buettner,Psychology,3.0,N/A,3.1
Richard Grove,Business,4.6,N/A,1.3
Sam Hedgpeth,Accounting,3.8,N/A,3.6
Bill Geisinger,Fine Arts,3.7,N/A,2.2
Crystallee Crain,Political Science,3.5,N/A,2.8
Steve Wolfe,Mathematics,4.4,N/A,2.5
Alexandria Giardino,English,4.8,N/A,2
Kathleen Dulap,English As A Second Language,4.0,N/A,5
Caitlyn Williams,Environmental Studies,4.8,N/A,1.2
Donna Stasio,Communication,4.7,N/A,1.8
Achamma Chacko,English As A Second Language,3.8,N/A,2.4
Brennan Wenck-Reilly,Environmental Studies,5.0,N/A,1.5
Richard Brien,Business,4.3,N/A,2.4
Howard Pittney,History,3.3,N/A,3
Rick Maynard,Automotive Technology,4.8,N/A,2.5
Kareemi Khalida,English As A Second Language,5.0,N/A,1
Virginia Scales,English,3.0,N/A,2
David Riley,Mathematics,4.8,N/A,1.4
Kristin Jensen-Sullivan,Biology,3.3,N/A,2
Robert Clem,Career Life Planning,5.0,N/A,1
Ron Bowman,Mathematics,3.9,N/A,2.4
Wayne Jebian,English,4.7,N/A,1.3
Helen Zhu,Biology,1.0,N/A,5
Lisa Hoyman,Psychology,4.3,N/A,1.7
Martha Perry,English,4.8,N/A,2.5
Josh Pelletier,English,5.0,N/A,1.7
Booh Edouardo,English,4.0,N/A,1.6
David Stringer,Business,4.3,N/A,2.3
Linda Cochran,Education,4.7,N/A,1.4
Raffaelli Mcleish,English,4.0,N/A,3
Julie Phillips,Science,4.6,N/A,1.4
Michelle Stroebe,Nutrition,2.8,N/A,3.5
Daniel Logan,Administration Of Justice,5.0,N/A,1
Tor Molino-Tor,English As A Second Language,2.8,N/A,3
Mark Ramsbey,Physics,4.8,N/A,3
David Chorjel,Psychology,4.2,N/A,2.2
Rebecca Fouquette,Mathematics & Statistics,3.1,N/A,3.8
Minting Ye,Geography,1.8,N/A,4.7
Robert Dickerson,English,4.6,N/A,3.1
Katie Dunlap,English,2.1,N/A,3.5
Candace Hardy,English As A Second Language,3.6,N/A,2.3
Michael Donato,Psychology,4.3,N/A,1.9
Edie Matthews,English,4.4,N/A,2.5
Jue Thao,Counseling,4.8,N/A,1
Zac Swigart,Medicine,2.9,N/A,2
Edward Lam,Engineering,2.0,N/A,2.4
Natalie Panfili,English,4.9,N/A,1.9
James Carr,Computer Information Systems,4.0,N/A,3
Hema Nadkarni,Mathematics,3.8,N/A,2.3
Barbara Gasdick,English,3.2,N/A,2.7
Antonio Gonzalez,Mathematics,4.3,N/A,2.2
Douglas Lublin,Mathematics,4.5,N/A,3
Grace Chee,Psychology,5.0,N/A,1.4
Tony Pourmohamad,Mathematics & Statistics,4.8,N/A,2
A Pierre,Counseling,2.8,0%,2
Lisa Wesoloski,Chemistry,4.6,N/A,2.5
Maria Basile,Physical Ed,4.2,N/A,2
Tatiana Seletskaia,Physics,3.1,N/A,2.5
Anna Somayeh Sohi,Mathematics,5.0,N/A,2.2
Dave Deppen,Environmental Studies,4.5,N/A,1.5
. Kragalott,Physical Ed,4.6,N/A,1.8
Leah Haritan,Nutrition,2.4,N/A,2.8
Gerri Parker,Ethnic Studies,2.8,N/A,2.6
Gnanalakshmi Vanniasegaram,Mathematics,3.3,N/A,2.5
Laura Raffaelli,English,4.3,N/A,1.9
Rebecca Sherwood,Nursing,2.6,N/A,3.8
Michael Cole,Graphic Arts,2.6,N/A,1.8
Amanda Hurley,Accounting,4.8,N/A,2.1
Ron Ward,Physical Education,3.7,N/A,3.3
Dunlap Katie,English As A Second Language,2.0,N/A,3.8
Cynthia Sloan,English,3.6,N/A,2.8
Rod Gomes,Criminal Justice,4.3,N/A,2.5
Stephanie Ferrill,Law,2.9,N/A,3.7
Tri Nguyen,International Studies,5.0,N/A,1
Matt Woods,Speech Communication,3.6,N/A,2.5
Michael Brandt,Automotive Technology,4.7,N/A,2.4
Jeff Adams,Physical Ed,3.5,N/A,1.5
Ghislaine Lang,Economics,5.0,N/A,1.5
Christopher Storer,Philosophy,1.8,N/A,3.8
Tuanh Nguyen,Mathematics,4.3,N/A,1.5
Wendell Goesling,Psychology,3.4,N/A,2.6
Lucila Ortiz Parra,World Languages,5.0,N/A,2
Maryann Furda,Physical Ed,3.3,N/A,3.6
Curtis Wong,Accounting,4.7,N/A,1.3
Mark Larson,Manufacturing & CNC Technology,4.2,N/A,3
Arefi Anba,English,3.6,N/A,2.3
Daniel Ferris,History,2.5,N/A,2.6
Judy Chiu,Mandarin,2.5,N/A,3.5
Pauline Yeckley,Not Specified,4.8,N/A,1
Christina Miller,Economics,4.3,N/A,1.5
Sana Makhoul,Art,3.8,N/A,2.6
Larissa Favela,Intercultural Studies,4.2,N/A,2.3
Bob Yolles,Chemistry,1.9,N/A,3.9
Beth Grobman,Journalism,4.5,N/A,1.8
Tracy Cline,Environmental Studies,4.7,N/A,1.5
Wilson Florero,Mathematics & Statistics,3.3,N/A,3.5
Margaret Paul,English,3.8,N/A,2.5
Rebecca Katz,English,3.7,N/A,2
Nha-Huyen Nguyen,Mathematics & Statistics,3.7,N/A,2.3
Carol Jordan,Computer Information Systems,4.0,N/A,1.2
Raymond Kwok,Physics,2.3,N/A,4.7
Khairunessa Dossani,Writing,4.2,N/A,2
Jill Logan,English,4.8,N/A,1.7
Anita Kandula,Biology,3.7,N/A,3.3
John Maruoka,Fine Arts,2.7,N/A,3
Andrew Lavin,Philosophy,5.0,N/A,2.5
Michael Cross,English,4.6,N/A,2.1
Barbara Illowsky,Mathematics,3.3,N/A,3.3
Kristin Conard,English,2.5,N/A,3
Eileen Ohalloran,Geography,4.2,N/A,1.4
Sally Chaves,Not Specified,5.0,N/A,2
Surajit Bose,English,3.2,N/A,3.5
Karen Trayer,Mathematics,4.8,N/A,2
Julia Ratnasamy,Mathematics,4.9,N/A,1.4
Jeff Forman,Physical Ed,3.3,N/A,2.8
David Abouav,Physics,3.3,N/A,3.4
Matthew Low,Mathematics,4.5,N/A,2.7
Thien Nguyen,Mathematics,3.9,N/A,1.5
Gino Blefari,Real Estate,3.5,N/A,2.7
. Boissiere,Psychology,4.4,N/A,2
Marjorie Ford,English,3.1,N/A,2
Shannon Bracy,Athletics,2.0,N/A,5
Jackye McClure,Criminal Justice,4.1,N/A,1.9
Juliana Kang-Robinson,Art,4.3,N/A,2.7
Vladimir Shapovalov,Chemistry,3.8,N/A,1.9
Heather Porter,Not Specified,3.6,N/A,3
Ernest Alcantara,Nursing,5.0,N/A,3.5
Kristina Keates,Accounting,5.0,N/A,1
Rene Keep,Humanities,4.8,N/A,1
William Turner,English,3.9,N/A,1.8
Charles Charles Ramskov,Psychology,2.0,N/A,4
John Taylor Finell,History,5.0,N/A,1.6
Mary Cox,Chemistry,1.7,N/A,4.4
David Coleman,Counseling,4.8,N/A,1.2
Reza Majlesi,Biology,4.5,N/A,3.9
William Nagel,Graphic Arts,4.6,N/A,1.9
Vanessa Williams,Chemistry,4.3,N/A,2.5
Jennifer Cockelman,English,1.8,N/A,4
Iqbal Coddington,Anthropology,3.3,N/A,2.4
Carolyn Keen,English,3.3,N/A,1.8
Duane Kubo,Ethnic Studies,4.3,N/A,2
Yuan Kuo,Mathematics & Statistics,3.7,N/A,2
. Clinchard,Humanities,4.2,100%,1.8
David Davis,Criminal Justice,4.8,N/A,1.8
Warren Garrison,Mathematics,4.3,N/A,3
Bambi Moise,Mathematics,1.4,N/A,4.6
Marcy Diehl,English,5.0,N/A,3
Elizabeth Bresnan,Fine Arts,2.7,N/A,3.2
Yen Ping Liu,Chemistry,2.5,N/A,2.8
Jon Ford,English,3.0,N/A,2.3
Darcy Cohn,Film,4.6,N/A,2.6
Patricia Cornely,Environmental Studies,4.0,N/A,1.5
Kristin Tedford,Communication,4.8,N/A,2.3
Rj Peterson,Computer Information Systems,4.3,N/A,1
Justin Morales,English As A Second Language,4.8,N/A,3
Henry Thaggert,Mathematics,2.3,N/A,3.3
Henry Dahut,Paralegal Studies,4.6,N/A,2.5
Ann Reisenauer,Biology,4.2,N/A,1.7
Cassie Hanna,Nursing,2.8,N/A,2.5
Jesse Fankushen,Humanities,4.5,N/A,2
Maria Bertola,Languages,4.3,N/A,1.6
Eb Hunter,International Studies,3.6,N/A,2.7
Barbara Driscoll,Psychology,3.8,N/A,2
. Nuss,English,3.7,N/A,2.8
Angela Hilton,English,4.8,N/A,2
Lori Clinchard Sepeda,Humanities,5.0,N/A,1.5
Tracy Camp,Mathematics,4.4,N/A,1.9
Deborah Schafer,Physical Ed,4.8,N/A,2
Deanna Pozzi,Speech Communication,4.5,N/A,2
Barbara Peurifoy,Nursing,2.4,N/A,4.2
William Straub,Art,4.1,N/A,1.5
Clinton Lee,Engineering,5.0,N/A,2
Mark Sullivan,Environmental Studies,2.5,N/A,3.8
Debbie McCullough,Biostatistics,4.8,N/A,2.3
Marie-Helene Carrasco,World Languages,5.0,N/A,1.3
Susan Lister,Languages,4.1,N/A,2.1
Samantha Giron,Dance & Theatre,4.1,N/A,1.6
Debi A. Schafer-Braun,Physical Education,5.0,N/A,2
Sean Donoho,English,4.3,N/A,3.5
Moe Jamil,Paralegal Studies,3.5,N/A,2
Veena Jain,Mathematics,2.3,N/A,3.8
Nancy Canter,Art,3.9,N/A,1.8
Adrian Wise,Political Science,5.0,N/A,2
Mhaire Fraser,Psychology,2.8,N/A,3.9
Ivana Bozidarevic,Chemistry,3.4,N/A,3.7
Joanna Sobala,Economics,5.0,N/A,2
Douglas Threet,Speech Communication,5.0,N/A,1
Raquel Duran-Beza,Languages,1.7,N/A,3.6
Toni Forsyth,English,2.0,N/A,2.6
Janet Takahashi,Mathematics,5.0,N/A,1.5
Jennifer Penkethmen,English,5.0,N/A,2
Jessica Rosenthal,Chemistry,3.5,N/A,2.8
Richard Mahan,Psychology,3.5,N/A,1
Zena Gray,English,3.2,N/A,2.8
Dionne Clabaugh,Child Development & Education,2.4,N/A,3.1
Chrles Klein,Mathematics,2.6,N/A,4.2
Gregory Anderson,English,4.2,N/A,4.2
Franco Reyes,Mathematics & Statistics,4.2,N/A,2.8
Mia Koh,Mathematics & Statistics,4.1,N/A,2.2
Rolly Dimaandal,Computer Information Systems,4.8,N/A,2.7
Erica Halk,English,4.7,N/A,2.7
Nagel William,Art,5.0,N/A,1
Walter Gough,Business,2.0,N/A,4
Rishav Bangladesh,History,3.0,N/A,4
Roxanne Rashedi,English,5.0,N/A,2.6
Janell Pekkain,English As A Second Language,2.9,N/A,2.7
Kit Fung,Accounting,4.3,N/A,2.3
Elizabeth Brasnes,Art History,3.3,N/A,3.5
Ana Leal,Child Development & Education,4.8,N/A,2
C.J. Jones,Physical Education,2.6,N/A,3.6
Suzanne Helfman,English,4.4,N/A,2.1
Natalie Rodriguez,Human Development,4.0,N/A,1.5
Michael Hitchcock,Geography,3.8,N/A,2.2
Randy Lomax,Psychology,4.5,N/A,2
Marie Lee,Speech Communication,4.8,N/A,1
Susan Rines,Film,2.9,N/A,3
Wen Ho,Physics,2.5,N/A,1
Frank Teruel,Accounting,4.9,N/A,2.6
Paula Silva,English,4.9,N/A,2
Randy Bryant,Automotive Technology,3.2,N/A,2.3
Caitlin Jeffrey,History,4.5,N/A,2
Ralf Carrillo,Chemistry,3.4,N/A,2.5
Ingrid Keller,German,4.7,N/A,1.4
Jessica Kaven,Speech Communication,4.9,N/A,1.9
. Ramos,Languages,3.1,N/A,2.6
Blake Respini,Political Science,3.5,N/A,2
Alfrieda Watson,History,4.0,N/A,2.1
Chiu Judy,Languages,0.0,N/A,0
Nita Williams,Reading,2.0,N/A,2
Simon Pennington,Architecture,4.9,N/A,2.4
Angela Bur,Child Development,1.8,N/A,4.5
Chuck Gray,English,4.1,N/A,2.9
Rich Wood,Sociology,4.4,N/A,2.8
Charles Dougherty,Physical Ed,3.6,N/A,1.2
Paul Chesler,Early Childhood Education,4.3,N/A,3.1
Paul Go,English,3.9,N/A,3.4
Alice McCarty,Computer Information Systems,2.6,N/A,2.9
. Spinozzi,Accounting,3.4,N/A,3
Inna Grushko,Mathematics,2.8,N/A,3.5
Ambica Gill,Communication,4.7,N/A,2.6
Mehdi Ghaffari,Physics,1.8,N/A,2.6
Hideki Matsui,Physical Ed,5.0,N/A,1
Laura Perkins,English,1.8,N/A,2.8
Jim Yowell,Music,5.0,N/A,1
Crystal Chin,Chemistry,5.0,N/A,1
Jenny Fichmann,Biology,1.0,N/A,5
Mary Schultz,English,4.4,N/A,2.1
Jeremy Van Horn- Morris,Mathematics,3.8,N/A,3.5
Janell Payne,Speech Communication,4.1,N/A,2.8
Bernie Mendoza,English,4.0,N/A,1
Simon Penningston,Art History,4.6,N/A,3.7
Dana Morella,Speech Communication,4.7,N/A,2.4
. Varbel,English,4.0,N/A,2.4
Linda Mau,Fine Arts,4.5,N/A,2.9
Robert Durazzo,Physics,4.0,N/A,1.5
Theodore Calgher,African-American Studies,3.2,N/A,1.9
Lie Keng,Physics,5.0,N/A,1
Serena Love,Anthropology,5.0,N/A,1
James Phillips,Mathematics,4.5,N/A,2
Huu Bui,Vietnamese,3.9,N/A,2
Bernable Mendoza,English,2.0,N/A,3
Yong Kim,English,3.0,N/A,1.3
Seung Hee Choi,Economics,1.5,N/A,3
Marcia Holstrom,Geography,3.9,N/A,2.7
Faina Kagan,Mathematics & Statistics,2.2,N/A,3
Jorge Gracia,Spanish,4.7,N/A,2
Anna Poklewski,Music,4.0,N/A,2.3
. Chini,Women's Studies,3.3,N/A,3
. Cortez,History,3.8,N/A,1.4
Patricia O'Neil,Nursing,4.3,N/A,2
Jonathan Levy,Mathematics & Statistics,2.1,N/A,2.2
Cassidy P Sterling,Psychology,4.0,N/A,2
James Schmiedt,Physical Education,4.7,N/A,1.7
Ernie Ybarra,Journalism,4.7,N/A,2.4
Robert Simpkins,Anthropology,4.1,N/A,3.2
Raymond Jaeger,English,3.9,N/A,2.4
Richard Cahill,Chemistry,3.1,N/A,2.8
Deborah Miller,Business,5.0,N/A,2
Joel Hanson,Mathematics & Statistics,1.5,N/A,4
Usha Narayanan,Anthropology,3.5,N/A,3.1
. Tolentino,Languages,4.5,N/A,3.3
Awad Awad,Linguistics,4.9,N/A,1.4
Marjorie Sayer,Mathematics & Statistics,3.9,N/A,2.6
Elizabeth McKenzie,Writing,4.5,N/A,5
Julie Madigan,English,4.2,N/A,3
Patricia Johnson,Business,4.3,N/A,3.6
Juanita Cordero,Child Development,4.5,N/A,2.4
. Davaran,Languages,3.3,100%,2.3
Karen Gee,Psychology,5.0,N/A,1.7
Rabiaa Laqtib,Languages,4.4,N/A,2.5
Mary Colligan,English,3.2,N/A,4
Leslie Wallis,English,2.3,N/A,3.1
Dave Barney,Film,4.2,N/A,2.6
Emily Munson,English,5.0,N/A,1
Chuong Hoang Chung,International Studies,4.5,N/A,2.3
Winston Zhao,Mathematics,4.5,N/A,2.3
Chuong Chong,International Studies,3.8,N/A,3
Joe Carrillo,Chemistry,2.0,N/A,4
Jr W Webb,Biology,1.7,N/A,3.9
Theresa Calpotura,Music,5.0,N/A,1
. Walton-Hadlock,English,3.3,N/A,3.1
. Siddiqi,International Studies,3.7,N/A,1.7
Wallis Leslie,Literature,3.3,N/A,2.7
Amanda Ghest,English,1.7,N/A,4.2
Eleni Economides-Gastis,Journalism,5.0,N/A,3
Vera Henzl,Languages,1.5,N/A,2.5
Ariel Smart,English,4.1,N/A,1.9
Antonio Rodriguez,Philosophy,5.0,N/A,1.7
Brigit Ananya,Mathematics & Statistics,3.9,N/A,1.4
Geraldine Parker,Intercultural Studies,4.3,N/A,2.5
James Rodriguez,Accounting,3.0,N/A,5
Ann Stemler,Science,3.3,N/A,3.1
Mukta Sharangpani,Anthropology,4.5,N/A,4
Vickie Jennings,Science,3.3,N/A,2.7
Jim Powell,Business,4.2,N/A,1.7
Jennifer Kockelman,English,2.2,N/A,3.5
Trish Gibson,Human Development,4.9,N/A,1.4
Melanie O'Brien,Biology,4.8,N/A,1.8
Ben Eloy,Economics,4.8,N/A,1.2
Mukta Shrangpani,Anthropology,2.3,N/A,3
David Davies,Mathematics,3.7,N/A,3
Patty Guitron,Counseling,5.0,N/A,1.4
Colleen Gee,Cantonese,3.8,N/A,2.6
Zlatogorov Edwin,Mathematics,1.0,N/A,5
Harry Card,English,3.6,N/A,1.7
Ulysses Pichon,English,4.9,N/A,1.5
Homa Taghipour,Computer Information Systems,2.7,N/A,2.8
Carrie Hall,Writing,3.3,N/A,2.8
Amy Lehman,English As A Second Language,4.7,N/A,1.4
Matthew Skowbo,Women's Studies,3.3,N/A,1.8
Kim Pearce,Communication,4.3,N/A,2.1
Helen Fan,International Studies,3.4,N/A,2.1
Marshall Hattori,English,4.2,N/A,2.8
B Valencia,Languages,2.8,N/A,3.5
Thomas Berry,Business,5.0,N/A,2
Rebecca Newhouse,Chemistry,3.5,N/A,3.5
Cristina Moreno,Languages,4.1,N/A,2.4
Joan Kerst,Law,2.8,N/A,3.3
Carol Watson,History,4.3,N/A,2.2
Kevin Murphy,Criminal Justice,4.4,N/A,1.8
Herb Nyser,Computer Information Systems,2.9,N/A,3.4
Tiffany Uhri,Languages,4.1,N/A,3
Janhavi Joshi,Mathematics & Statistics,4.5,N/A,2
Margaret Rinkovsky,Art,3.0,N/A,2
Jeanne Adam,Mathematics & Statistics,3.6,N/A,3.1
Joshi Janhavi,Mathematics,4.7,N/A,1.9
George Rivera,Art,5.0,N/A,1
James Lum,Mathematics,2.4,N/A,3.9
Penny Takizawa,Biology,3.7,N/A,3.6
Ann Reh,English,4.2,N/A,3
Linda Selinske,English,4.9,N/A,2.6
Jane Burgunder,Design,2.0,N/A,4.2
Rajshree Nadimpalli,English,4.0,N/A,2.7
Vladimir Logvinenko,Mathematics,3.1,N/A,2.8
Ann Stemlar,Anthropology,2.8,N/A,3.9
Angus Blackwood,Business,3.8,N/A,2.2
John Gonzalez,Mathematics,3.6,N/A,1.9
Ted Ellis,Accounting,3.4,N/A,2.3
Shilpa Arora,English,2.3,N/A,2.3
Christopher Gibson,English,4.6,N/A,2.9
Steve Hadlock,English,3.6,N/A,2.9
Tom Berry,Business,4.7,N/A,2.2
Claudine Poggi,English As A Second Language,3.7,N/A,2.1
Lan Tao,Human Development,4.6,N/A,1.8
Brad Kava,Journalism,3.8,N/A,2.6
. Splitter,English,2.8,N/A,3.4
Patricia Bruegger,Fine Arts,4.9,N/A,1.9
Teri Young,Communication,4.7,N/A,2
Yvonne Ekern,Law,4.4,N/A,3.3
Jack Lynch,Business,4.3,N/A,1.4
Larry Burke,Philosophy,2.9,N/A,2.7
C Wong,English As A Second Language,1.0,N/A,5
Lyn Smirnov,Writing,5.0,N/A,2.5
Kohnhorst Keith,English As A Second Language,3.0,N/A,3.5
Daniel Haley,English,5.0,N/A,5
Susan Bruch,Biology,3.4,N/A,3.3
Babara Allie,Fine Arts,3.5,N/A,2
Linda Balfe,Mathematics,2.8,N/A,3.5
Constantine Danopoulos,Political Science,3.5,N/A,2.4
Katie Brundage,English As A Second Language,4.9,N/A,4.4
Jerry Noble,Physical Education,4.0,N/A,1.7
Heidi Sussman,Physical Education,4.8,N/A,2.6
Ariel Slothower/smart,English,3.4,N/A,1.7
Erin Sanders,Humanities,4.8,N/A,1.6
Mariehelene Dickman,French,4.3,N/A,2.2
X Schnittgrund,Languages,4.0,N/A,2
Robyn Dodd,English,3.9,N/A,1.6
Sean Brown,English,4.4,N/A,1.8
Kai Leung,English As A Second Language,2.3,N/A,2.7
Ernie Johnson,Computer Information Systems,3.0,N/A,3.5
Dan Sabanovich,Music,5.0,N/A,1
Tomislav Biondic,Environmental Studies,4.3,N/A,1
Gayle Mozee,Law,4.6,N/A,2.1
Fred Marcus,Humanities,2.5,N/A,3.7
John Milton,English,3.0,N/A,3
Cozetta Guinn,Intercultural Studies,1.6,N/A,2.5
Kristy Phillips,Art,2.3,N/A,2.3
See Tina Woo,Counseling,4.5,N/A,2
Susan Dansker,Child Development,5.0,N/A,4
Kristen Hren,English,4.6,N/A,2.7
Steve Tyler,Music,4.5,N/A,1
Jackie Logg,Sociology,4.1,N/A,3.2
Derrick Smith,Sociology,2.8,N/A,3.7
Melanie Griffin,Humanities,3.8,N/A,1
Bayinaah Jones,Sociology,4.1,N/A,1.5
Robert Kumamoto,History,4.2,N/A,2.5
Rowena Tomaneng,Literature,3.5,N/A,3
Reginald Hamer,Mathematics,3.4,N/A,2
Ronald Brown,Computer Information Systems,1.8,N/A,3
Briana McCarthy,Biology,5.0,N/A,2
Bruce Henderson,English,2.5,N/A,3.8
Howard Irvin,Social Science,4.7,N/A,1.7
James Luotto,English,4.8,N/A,2.3
Sophie Nakasako,Women's Studies,3.0,N/A,4
Jeffry Mathis,Physical Education,3.9,N/A,3
Kelly Parker,English As A Second Language,4.6,N/A,2.5
Bill Zarchy,Film,5.0,N/A,1
Sharda Nandamudi,Biology,4.5,N/A,4
Nikola Smith,English,2.6,N/A,4.3
Darlene De Vera,Economics,4.2,N/A,2.5
Andrew Ransome,Physical Ed,4.8,N/A,1.1
Lynne Muccigrosso,Humanities,4.4,N/A,1.4
M Pilloud,Anthropology,4.7,N/A,2.6
Tanya Diamond,Environmental Studies,4.8,N/A,2.3
Honey Dedhia,Biology,2.5,N/A,3.1
Rachel Janowicz,Biology,5.0,N/A,3
Kathleen Zdanky,Accounting,4.8,N/A,2.3
Quynhtram Nguyen,Philosophy,4.4,N/A,2.3
M Shaw,Fine Arts,2.5,N/A,3.5
Natalie Bitton,Psychology,4.0,N/A,3.2
Edwina Stoll,Communication,4.8,N/A,1.9
Board Lilj,English,5.0,N/A,1
Kandul Muthyala-Kandul,Biology,3.9,N/A,3.2
Andrea LI,English As A Second Language,1.0,N/A,5
Mia Tipton,Accounting,4.0,N/A,2.6
Gary Garvin,English,2.6,N/A,3.7
Brian Nelson,Accounting,4.8,N/A,2.7
Marilyn Levy,English,2.8,N/A,3.4
Jefferson Shirley,Mathematics,4.7,N/A,1.9
Robert Selinske,English,3.8,N/A,2.4
Chris Lepe,Environmental Studies,4.1,N/A,1.6
Kin Lee,Mathematics,2.1,N/A,2.3
Jillian Yenner,Nursing,2.5,N/A,2.4
Heidi Melas,Languages,4.7,N/A,1.8
Tom Kritzer,Physics,4.7,N/A,2.3
Michael Mok,Languages,4.5,N/A,2
Paul Gill,Mathematics,4.8,N/A,3
Tim Carlson,Mathematics,1.0,N/A,3
Mark Zheng,Chemistry,4.5,N/A,1.9
Shubhangi Mandar Kulkarni,Computer Information Systems,3.8,N/A,2.2
Ronald Orlando,English,5.0,N/A,1.3
Raymond White,Biology,2.1,N/A,4.5
Corey Powell,Mathematics,4.5,N/A,2
Shannon Phalen,Speech Communication,4.8,N/A,1.8
Mike Bull,Economics,2.6,N/A,3.8
Judy Yu,Languages,4.0,N/A,2
Karen Sid,English As A Second Language,2.9,N/A,3.6
Julie Hemker,English,3.3,N/A,2.5
Arleen Lucklock,Biology,4.5,N/A,1.9
Diane Bogart,Law,4.7,N/A,3.3
Byron Burkhalter,Sociology,4.4,N/A,2.7
Molino Tor,English As A Second Language,1.6,N/A,2.3
Asad Kabir,Philosophy,2.9,N/A,2.4
Judy Singleton,Languages,2.0,N/A,2
Abbie Layton,Nursing,5.0,N/A,2.3
Roger Letson,Music,4.5,N/A,2.4
